Timestamp,Voltage (V),Current (A),Power (W),Energy Today (kWh)
2025-08-03 18:09:45,234.5,0.0,0.0,0.01
2025-08-03 18:09:45,234.5,0.0,0.0,0.01
2025-08-03 18:10:45,234.5,0.0,0.0,0.01
2025-08-03 18:10:45,234.5,0.0,0.0,0.01
2025-08-03 18:11:15,234.5,0.0,0.0,0.01
2025-08-03 18:11:20,234.5,0.0,0.0,0.01
2025-08-03 18:11:23,234.5,0.0,0.0,0.01
2025-08-03 18:11:26,234.5,0.0,0.0,0.01
2025-08-03 18:11:29,234.5,0.0,0.0,0.01
2025-08-03 18:11:32,234.5,0.0,0.0,0.01
2025-08-03 18:11:35,234.5,0.0,0.0,0.01
2025-08-03 18:11:38,234.5,0.0,0.0,0.01
2025-08-03 18:11:41,234.5,0.0,0.0,0.01
2025-08-03 18:11:44,234.5,0.0,0.0,0.01
2025-08-03 18:11:45,234.5,0.0,0.0,0.01
2025-08-03 18:11:47,234.5,0.0,0.0,0.01
2025-08-03 18:11:50,234.5,0.0,0.0,0.01
2025-08-03 18:11:53,234.5,0.0,0.0,0.01
2025-08-03 18:11:56,234.5,0.0,0.0,0.01
2025-08-03 18:11:59,234.5,0.0,0.0,0.01
2025-08-03 18:12:02,234.5,0.0,0.0,0.01
2025-08-03 18:12:05,234.5,0.0,0.0,0.01
2025-08-03 18:12:08,234.5,0.0,0.0,0.01
2025-08-03 18:12:12,234.5,0.0,0.0,0.01
2025-08-03 18:12:15,234.5,0.0,0.0,0.01
2025-08-03 18:12:18,234.5,0.0,0.0,0.01
2025-08-03 18:12:21,234.5,0.0,0.0,0.01
2025-08-03 18:12:24,234.5,0.0,0.0,0.01
2025-08-03 18:12:27,234.5,0.0,0.0,0.01
2025-08-03 18:12:30,234.5,0.0,0.0,0.01
2025-08-03 18:12:33,234.5,0.0,0.0,0.01
2025-08-03 18:12:36,234.5,0.0,0.0,0.01
2025-08-03 18:12:40,234.5,0.0,0.0,0.01
2025-08-03 18:12:42,234.5,0.0,0.0,0.01
2025-08-03 18:12:45,234.5,0.0,0.0,0.01
2025-08-03 18:12:45,234.5,0.0,0.0,0.01
2025-08-03 18:12:48,234.5,0.0,0.0,0.01
2025-08-03 18:12:51,234.5,0.0,0.0,0.01
2025-08-03 18:12:54,237.2,0.0,0.0,0.01
2025-08-03 18:12:57,237.2,0.0,0.0,0.01
2025-08-03 18:13:00,237.2,0.0,0.0,0.01
2025-08-03 18:13:03,237.2,0.0,0.0,0.01
2025-08-03 18:13:06,237.2,0.0,0.0,0.01
2025-08-03 18:13:09,237.2,0.0,0.0,0.01
2025-08-03 18:13:12,237.2,0.0,0.0,0.01
2025-08-03 18:13:15,237.2,0.0,0.0,0.01
2025-08-03 18:13:18,237.2,0.0,0.0,0.01
2025-08-03 18:13:21,237.2,0.0,0.0,0.01
2025-08-03 18:13:24,236.7,0.0,0.0,0.01
2025-08-03 18:13:27,236.7,0.0,0.0,0.01
2025-08-03 18:13:30,236.7,0.0,0.0,0.01
2025-08-03 18:13:54,236.7,0.0,0.0,0.01
2025-08-03 18:13:54,236.7,0.0,0.0,0.01
2025-08-03 18:13:54,236.7,0.0,0.0,0.01
2025-08-03 18:13:54,236.7,0.0,0.0,0.01
2025-08-03 18:13:54,236.7,0.0,0.0,0.01
2025-08-03 18:13:54,236.7,0.0,0.0,0.01
2025-08-03 18:13:54,236.7,0.0,0.0,0.01
2025-08-03 18:13:55,236.7,0.0,0.0,0.01
2025-08-03 18:13:55,236.7,0.0,0.0,0.01
2025-08-03 18:13:57,236.7,0.0,0.0,0.01
2025-08-03 18:14:02,236.7,0.0,0.0,0.01
2025-08-03 18:14:03,236.7,0.0,0.0,0.01
2025-08-03 18:14:06,236.7,0.0,0.0,0.01
2025-08-03 18:14:09,236.7,0.0,0.0,0.01
2025-08-03 18:14:12,236.7,0.0,0.0,0.01
2025-08-03 18:14:15,236.7,0.0,0.0,0.01
2025-08-03 18:14:18,236.7,0.0,0.0,0.01
2025-08-03 18:14:21,236.7,0.0,0.0,0.01
2025-08-03 18:14:24,236.7,0.0,0.0,0.01
2025-08-04 00:55:54,239.5,0.0,0.0,0.29
2025-08-04 00:55:55,239.5,0.0,0.0,0.29
2025-08-04 00:55:55,239.5,0.0,0.0,0.29
2025-08-04 00:55:57,239.5,0.0,0.0,0.29
2025-08-04 00:55:58,239.5,0.0,0.0,0.29
2025-08-04 00:55:59,239.5,0.0,0.0,0.29
2025-08-04 00:56:00,239.5,0.0,0.0,0.29
2025-08-04 00:56:01,239.5,0.0,0.0,0.29
2025-08-04 00:56:02,239.5,0.0,0.0,0.29
2025-08-04 00:56:03,239.5,0.0,0.0,0.29
2025-08-04 00:56:04,239.5,0.0,0.0,0.29
2025-08-04 00:56:05,239.5,0.0,0.0,0.29
2025-08-04 00:56:06,239.5,0.0,0.0,0.29
2025-08-04 00:56:07,239.5,0.0,0.0,0.29
2025-08-04 00:56:08,239.5,0.0,0.0,0.29
2025-08-04 00:56:10,239.5,0.0,0.0,0.29
2025-08-04 00:56:11,239.5,0.0,0.0,0.29
2025-08-04 00:56:12,239.5,0.0,0.0,0.29
2025-08-04 00:56:13,239.5,0.0,0.0,0.29
2025-08-04 00:56:14,239.5,0.0,0.0,0.29
2025-08-04 00:56:15,239.5,0.0,0.0,0.29
2025-08-04 00:56:16,239.5,0.0,0.0,0.29
2025-08-04 00:56:17,239.5,0.0,0.0,0.29
2025-08-04 00:56:18,239.5,0.0,0.0,0.29
2025-08-04 00:56:19,239.5,0.0,0.0,0.29
2025-08-04 00:56:20,239.5,0.0,0.0,0.29
2025-08-04 00:56:21,239.5,0.0,0.0,0.29
2025-08-04 00:56:22,239.5,0.0,0.0,0.29
2025-08-04 00:56:23,239.5,0.0,0.0,0.29
2025-08-04 00:56:24,239.5,0.0,0.0,0.29
2025-08-04 00:56:25,239.5,0.0,0.0,0.29
2025-08-04 00:56:26,239.5,0.0,0.0,0.29
2025-08-04 00:56:27,239.5,0.0,0.0,0.29
2025-08-04 00:56:28,239.5,0.0,0.0,0.29
2025-08-04 00:56:29,239.5,0.0,0.0,0.29
2025-08-04 00:56:30,239.5,0.0,0.0,0.29
2025-08-04 00:56:32,239.5,0.0,0.0,0.29
2025-08-04 00:56:32,239.5,0.0,0.0,0.29
2025-08-04 00:56:33,239.5,0.0,0.0,0.29
2025-08-04 00:56:34,239.5,0.0,0.0,0.29
2025-08-04 00:56:35,239.5,0.0,0.0,0.29
2025-08-04 00:56:36,239.5,0.0,0.0,0.29
2025-08-04 00:56:37,239.5,0.0,0.0,0.29
2025-08-04 00:56:38,239.5,0.0,0.0,0.29
2025-08-04 00:56:39,239.5,0.0,0.0,0.29
2025-08-04 00:56:40,239.5,0.0,0.0,0.29
2025-08-04 00:56:41,239.5,0.0,0.0,0.29
2025-08-04 00:56:42,239.5,0.0,0.0,0.29
2025-08-04 00:56:43,239.5,0.0,0.0,0.29
2025-08-04 00:56:44,239.5,0.0,0.0,0.29
2025-08-04 00:56:45,239.5,0.0,0.0,0.29
2025-08-04 00:56:45,239.5,0.0,0.0,0.29
2025-08-04 00:56:46,239.5,0.0,0.0,0.29
2025-08-04 00:56:47,239.5,0.0,0.0,0.29
2025-08-04 00:56:48,239.5,0.0,0.0,0.29
2025-08-04 00:56:49,239.5,0.0,0.0,0.29
2025-08-04 00:56:50,239.5,0.0,0.0,0.29
2025-08-04 00:56:51,239.5,0.0,0.0,0.29
2025-08-04 00:56:52,239.5,0.0,0.0,0.29
2025-08-04 00:56:54,239.5,0.0,0.0,0.29
2025-08-04 00:56:54,239.5,0.0,0.0,0.29
2025-08-04 00:56:55,239.5,0.0,0.0,0.29
2025-08-04 00:56:56,239.5,0.0,0.0,0.29
2025-08-04 00:56:57,239.5,0.0,0.0,0.29
2025-08-04 00:56:58,239.5,0.0,0.0,0.29
2025-08-04 00:56:59,239.5,0.0,0.0,0.29
2025-08-04 00:57:00,239.5,0.0,0.0,0.29
2025-08-04 00:57:01,239.5,0.0,0.0,0.29
2025-08-04 00:57:02,239.5,0.0,0.0,0.29
2025-08-04 00:57:03,239.5,0.0,0.0,0.29
2025-08-04 00:57:04,239.5,0.0,0.0,0.29
2025-08-04 00:57:05,239.5,0.0,0.0,0.29
2025-08-04 00:57:06,239.5,0.0,0.0,0.29
2025-08-04 00:57:07,239.5,0.0,0.0,0.29
2025-08-04 00:57:08,239.5,0.0,0.0,0.29
2025-08-04 00:57:22,239.5,0.0,0.0,0.29
2025-08-04 00:57:23,239.5,0.0,0.0,0.29
2025-08-04 00:57:27,239.5,0.0,0.0,0.29
2025-08-04 00:57:27,239.5,0.0,0.0,0.29
2025-08-04 00:57:27,239.5,0.0,0.0,0.29
2025-08-04 00:57:28,239.5,0.0,0.0,0.29
2025-08-04 00:57:29,239.5,0.0,0.0,0.29
2025-08-04 00:57:30,239.5,0.0,0.0,0.29
2025-08-04 00:57:31,239.5,0.0,0.0,0.29
2025-08-04 00:57:32,239.5,0.0,0.0,0.29
2025-08-04 00:57:33,239.5,0.0,0.0,0.29
2025-08-04 00:57:34,239.5,0.0,0.0,0.29
2025-08-04 00:57:35,239.5,0.0,0.0,0.29
2025-08-04 00:57:36,239.5,0.0,0.0,0.29
2025-08-04 00:57:37,239.5,0.0,0.0,0.29
2025-08-04 00:57:38,239.5,0.0,0.0,0.29
2025-08-04 00:57:39,239.5,0.0,0.0,0.29
2025-08-04 00:57:40,239.5,0.0,0.0,0.29
2025-08-04 00:57:43,239.5,0.0,0.0,0.29
2025-08-04 00:57:43,239.5,0.0,0.0,0.29
2025-08-04 00:57:43,239.5,0.0,0.0,0.29
2025-08-04 00:57:43,239.5,0.0,0.0,0.29
2025-08-04 00:57:44,239.5,0.0,0.0,0.29
2025-08-04 00:57:45,239.5,0.0,0.0,0.29
2025-08-04 00:57:45,239.5,0.0,0.0,0.29
2025-08-04 00:57:46,239.5,0.0,0.0,0.29
2025-08-04 00:57:47,239.5,0.0,0.0,0.29
2025-08-04 00:57:48,239.5,0.0,0.0,0.29
2025-08-04 00:57:49,239.5,0.0,0.0,0.29
2025-08-04 00:57:50,239.5,0.0,0.0,0.29
2025-08-04 00:57:51,239.5,0.0,0.0,0.29
2025-08-04 00:57:52,239.5,0.0,0.0,0.29
2025-08-04 00:57:54,239.5,0.0,0.0,0.29
2025-08-04 00:57:55,239.5,0.0,0.0,0.29
2025-08-04 00:57:56,239.5,0.0,0.0,0.29
2025-08-04 00:58:00,239.5,0.0,0.0,0.29
2025-08-04 00:58:00,239.5,0.0,0.0,0.29
2025-08-04 00:58:00,239.5,0.0,0.0,0.29
2025-08-04 00:58:00,239.5,0.0,0.0,0.29
2025-08-04 00:58:01,239.5,0.0,0.0,0.29
2025-08-04 00:58:02,239.5,0.0,0.0,0.29
2025-08-04 00:58:03,239.5,0.0,0.0,0.29
2025-08-04 00:58:04,239.5,0.0,0.0,0.29
2025-08-04 00:58:05,239.5,0.0,0.0,0.29
2025-08-04 00:58:06,239.5,0.0,0.0,0.29
2025-08-04 00:58:07,239.5,0.0,0.0,0.29
2025-08-04 00:58:08,239.5,0.0,0.0,0.29
2025-08-04 00:58:09,239.5,0.0,0.0,0.29
2025-08-04 00:58:10,239.5,0.0,0.0,0.29
2025-08-04 00:58:11,239.5,0.0,0.0,0.29
2025-08-04 00:58:12,239.5,0.0,0.0,0.29
2025-08-04 00:58:13,239.5,0.0,0.0,0.29
2025-08-04 00:58:14,239.5,0.0,0.0,0.29
2025-08-04 00:58:15,239.5,0.0,0.0,0.29
2025-08-04 00:58:16,239.5,0.0,0.0,0.29
2025-08-04 00:58:17,239.5,0.0,0.0,0.29
2025-08-04 00:58:18,239.5,0.0,0.0,0.29
2025-08-04 00:58:19,239.5,0.0,0.0,0.29
2025-08-04 00:58:20,239.5,0.0,0.0,0.29
2025-08-04 00:58:21,239.5,0.0,0.0,0.29
2025-08-04 00:58:22,239.5,0.0,0.0,0.29
2025-08-04 00:58:23,239.5,0.0,0.0,0.29
2025-08-04 00:58:24,239.5,0.0,0.0,0.29
2025-08-04 00:58:25,239.5,0.0,0.0,0.29
2025-08-04 00:58:26,239.5,0.0,0.0,0.29
2025-08-04 00:58:27,239.5,0.0,0.0,0.29
2025-08-04 00:58:28,239.5,0.0,0.0,0.29
2025-08-04 00:58:29,239.5,0.0,0.0,0.29
2025-08-04 00:58:30,239.5,0.0,0.0,0.29
2025-08-04 00:58:31,239.5,0.0,0.0,0.29
2025-08-04 00:58:32,239.5,0.0,0.0,0.29
2025-08-04 00:58:33,239.5,0.0,0.0,0.29
2025-08-04 00:58:34,239.5,0.0,0.0,0.29
2025-08-04 00:58:35,239.5,0.0,0.0,0.29
2025-08-04 00:58:36,239.5,0.0,0.0,0.29
2025-08-04 00:58:37,239.5,0.0,0.0,0.29
2025-08-04 00:58:38,239.5,0.0,0.0,0.29
2025-08-04 00:58:39,239.5,0.0,0.0,0.29
2025-08-04 00:58:40,239.5,0.0,0.0,0.29
2025-08-04 00:58:41,239.5,0.0,0.0,0.29
2025-08-04 00:58:42,239.5,0.0,0.0,0.29
2025-08-04 00:58:43,239.5,0.0,0.0,0.29
2025-08-04 00:58:44,239.5,0.0,0.0,0.29
2025-08-04 00:58:45,239.5,0.0,0.0,0.29
2025-08-04 00:58:45,239.5,0.0,0.0,0.29
2025-08-04 00:58:46,239.5,0.0,0.0,0.29
2025-08-04 00:58:47,239.5,0.0,0.0,0.29
2025-08-04 00:58:48,239.5,0.0,0.0,0.29
2025-08-04 00:58:49,239.5,0.0,0.0,0.29
2025-08-04 00:58:50,239.5,0.0,0.0,0.29
2025-08-04 00:58:51,239.5,0.0,0.0,0.29
2025-08-04 00:58:52,239.5,0.0,0.0,0.29
2025-08-04 00:58:53,239.5,0.0,0.0,0.29
2025-08-04 00:58:54,239.5,0.0,0.0,0.29
2025-08-04 00:58:55,239.5,0.0,0.0,0.29
2025-08-04 00:58:56,239.5,0.0,0.0,0.29
2025-08-04 00:58:57,239.5,0.0,0.0,0.29
2025-08-04 00:58:58,239.5,0.0,0.0,0.29
2025-08-04 00:58:59,239.5,0.0,0.0,0.29
2025-08-04 00:59:00,239.5,0.0,0.0,0.29
2025-08-04 00:59:01,239.5,0.0,0.0,0.29
2025-08-04 00:59:02,239.5,0.0,0.0,0.29
2025-08-04 00:59:03,239.5,0.0,0.0,0.29
2025-08-04 00:59:04,239.5,0.0,0.0,0.29
2025-08-04 00:59:05,239.5,0.0,0.0,0.29
2025-08-04 00:59:06,239.5,0.0,0.0,0.29
2025-08-04 00:59:07,239.5,0.0,0.0,0.29
2025-08-04 00:59:08,239.5,0.0,0.0,0.29
2025-08-04 00:59:09,239.5,0.0,0.0,0.29
2025-08-04 00:59:10,239.5,0.0,0.0,0.29
2025-08-04 00:59:11,239.5,0.0,0.0,0.29
2025-08-04 00:59:12,239.5,0.0,0.0,0.029
2025-08-04 00:59:13,239.5,0.0,0.0,0.029
2025-08-04 00:59:14,239.5,0.0,0.0,0.029
2025-08-04 00:59:15,239.5,0.0,0.0,0.029
2025-08-04 00:59:16,239.5,0.0,0.0,0.029
2025-08-04 00:59:17,239.5,0.0,0.0,0.029
2025-08-04 00:59:18,239.5,0.0,0.0,0.029
2025-08-04 00:59:19,239.5,0.0,0.0,0.029
2025-08-04 00:59:20,239.5,0.0,0.0,0.029
2025-08-04 00:59:21,239.5,0.0,0.0,0.029
2025-08-04 00:59:22,239.5,0.0,0.0,0.029
2025-08-04 00:59:23,239.5,0.0,0.0,0.029
2025-08-04 00:59:24,239.5,0.0,0.0,0.029
2025-08-04 00:59:25,239.5,0.0,0.0,0.029
2025-08-04 00:59:26,239.5,0.0,0.0,0.029
2025-08-04 00:59:27,239.5,0.0,0.0,0.029
2025-08-04 00:59:28,239.5,0.0,0.0,0.029
2025-08-04 00:59:29,239.5,0.0,0.0,0.029
2025-08-04 00:59:30,239.5,0.0,0.0,0.029
2025-08-04 00:59:31,239.5,0.0,0.0,0.029
2025-08-04 00:59:32,239.5,0.0,0.0,0.029
2025-08-04 00:59:33,239.5,0.0,0.0,0.029
2025-08-04 00:59:34,239.5,0.0,0.0,0.029
2025-08-04 00:59:35,239.5,0.0,0.0,0.029
2025-08-04 00:59:36,239.5,0.0,0.0,0.025
2025-08-04 00:59:37,239.5,0.0,0.0,0.025
2025-08-04 00:59:38,239.5,0.0,0.0,0.025
2025-08-04 00:59:39,239.5,0.0,0.0,0.025
2025-08-04 00:59:40,239.5,0.0,0.0,0.025
2025-08-04 00:59:43,239.5,0.0,0.0,0.025
2025-08-04 00:59:44,239.5,0.0,0.0,0.025
2025-08-04 00:59:44,239.5,0.0,0.0,0.025
2025-08-04 00:59:44,239.5,0.0,0.0,0.025
2025-08-04 00:59:45,239.5,0.0,0.0,0.025
2025-08-04 00:59:45,239.5,0.0,0.0,0.025
2025-08-04 00:59:46,239.5,0.0,0.0,0.025
2025-08-04 00:59:47,239.5,0.0,0.0,0.025
2025-08-04 00:59:48,239.5,0.0,0.0,0.025
2025-08-04 00:59:49,239.5,0.0,0.0,0.025
2025-08-04 00:59:50,239.5,0.0,0.0,0.025
2025-08-04 00:59:52,239.5,0.0,0.0,0.025
2025-08-04 00:59:53,239.5,0.0,0.0,0.025
2025-08-04 00:59:54,239.5,0.0,0.0,0.025
2025-08-04 00:59:55,239.5,0.0,0.0,0.025
2025-08-04 00:59:56,239.5,0.0,0.0,0.025
2025-08-04 00:59:57,239.5,0.0,0.0,0.025
2025-08-04 00:59:58,239.0,0.0,0.0,0.025
2025-08-04 00:59:59,239.0,0.0,0.0,0.025
2025-08-04 01:00:00,239.0,0.0,0.0,0.025
2025-08-04 01:00:01,239.0,0.0,0.0,0.025
2025-08-04 01:00:02,239.0,0.0,0.0,0.025
2025-08-04 01:00:03,239.0,0.0,0.0,0.025
2025-08-04 01:00:04,239.0,0.0,0.0,0.025
2025-08-04 01:00:05,239.0,0.0,0.0,0.025
2025-08-04 01:00:06,239.0,0.0,0.0,0.025
2025-08-04 01:00:07,239.5,0.0,0.0,0.025
2025-08-04 01:00:08,239.5,0.0,0.0,0.025
2025-08-04 01:00:09,239.5,0.0,0.0,0.025
2025-08-04 01:00:10,239.5,0.0,0.0,0.025
2025-08-04 01:00:11,239.5,0.0,0.0,0.025
2025-08-04 01:00:13,239.5,0.0,0.0,0.025
2025-08-04 01:00:13,239.5,0.0,0.0,0.025
2025-08-04 01:00:14,239.5,0.0,0.0,0.025
2025-08-04 01:00:15,239.5,0.0,0.0,0.025
2025-08-04 01:00:16,239.5,0.0,0.0,0.025
2025-08-04 01:00:17,239.5,0.0,0.0,0.025
2025-08-04 01:00:18,239.5,0.0,0.0,0.025
2025-08-04 01:00:19,239.5,0.0,0.0,0.025
2025-08-04 01:00:20,239.5,0.0,0.0,0.025
2025-08-04 01:00:21,239.5,0.0,0.0,0.025
2025-08-04 01:00:22,239.5,0.0,0.0,0.025
2025-08-04 01:00:23,239.5,0.0,0.0,0.025
2025-08-04 01:00:24,239.5,0.0,0.0,0.025
2025-08-04 01:00:25,239.5,0.0,0.0,0.025
2025-08-04 01:00:26,239.5,0.0,0.0,0.025
2025-08-04 01:00:27,239.5,0.0,0.0,0.025
2025-08-04 01:00:28,239.5,0.0,0.0,0.025
2025-08-04 01:00:29,239.5,0.0,0.0,0.025
2025-08-04 01:00:30,239.5,0.0,0.0,0.025
2025-08-04 01:00:31,239.5,0.0,0.0,0.025
2025-08-04 01:00:32,239.5,0.0,0.0,0.025
2025-08-04 01:00:33,239.5,0.0,0.0,0.025
2025-08-04 01:00:34,239.5,0.0,0.0,0.025
2025-08-04 01:00:38,239.5,0.0,0.0,0.025
2025-08-04 01:00:38,239.5,0.0,0.0,0.025
2025-08-04 01:00:39,239.5,0.0,0.0,0.025
2025-08-04 01:00:40,239.5,0.0,0.0,0.025
2025-08-04 01:00:41,239.5,0.0,0.0,0.025
2025-08-04 01:00:42,239.5,0.0,0.0,0.025
2025-08-04 01:00:43,239.5,0.0,0.0,0.025
2025-08-04 01:00:44,239.5,0.0,0.0,0.025
2025-08-04 01:00:45,239.5,0.0,0.0,0.025
2025-08-04 01:00:45,239.5,0.0,0.0,0.025
2025-08-04 01:00:46,239.5,0.0,0.0,0.025
2025-08-04 01:00:47,239.5,0.0,0.0,0.025
2025-08-04 01:00:48,239.5,0.0,0.0,0.025
2025-08-04 01:00:49,239.5,0.0,0.0,0.025
2025-08-04 01:00:50,239.5,0.0,0.0,0.025
2025-08-04 01:00:58,239.5,0.0,0.0,0.025
2025-08-04 01:00:59,239.5,0.0,0.0,0.025
2025-08-04 01:01:00,239.5,0.0,0.0,0.025
2025-08-04 01:01:01,239.5,0.0,0.0,0.025
2025-08-04 01:01:03,239.5,0.0,0.0,0.025
2025-08-04 01:01:03,239.5,0.0,0.0,0.025
2025-08-04 01:01:23,239.5,0.0,0.0,0.025
2025-08-04 01:01:24,239.5,0.0,0.0,0.025
2025-08-04 01:01:25,239.5,0.0,0.0,0.025
2025-08-04 01:01:26,239.5,0.0,0.0,0.025
2025-08-04 01:01:29,239.5,0.0,0.0,0.025
2025-08-04 01:01:29,239.5,0.0,0.0,0.025
2025-08-04 01:01:29,239.5,0.0,0.0,0.025
2025-08-04 01:01:30,239.5,0.0,0.0,0.025
2025-08-04 01:01:31,239.5,0.0,0.0,0.025
2025-08-04 01:01:32,239.5,0.0,0.0,0.025
2025-08-04 01:01:33,239.5,0.0,0.0,0.025
2025-08-04 01:01:34,239.5,0.0,0.0,0.025
2025-08-04 01:01:35,239.5,0.0,0.0,0.025
2025-08-04 01:01:36,239.5,0.0,0.0,0.025
2025-08-04 01:01:37,239.5,0.0,0.0,0.025
2025-08-04 01:01:38,239.5,0.0,0.0,0.025
2025-08-04 01:01:39,239.5,0.0,0.0,0.025
2025-08-04 01:01:40,239.5,0.0,0.0,0.025
2025-08-04 01:01:41,239.5,0.0,0.0,0.025
2025-08-04 01:01:42,239.5,0.0,0.0,0.025
2025-08-04 01:01:43,239.5,0.0,0.0,0.025
2025-08-04 01:01:44,239.5,0.0,0.0,0.025
2025-08-04 01:01:45,239.5,0.0,0.0,0.025
2025-08-04 01:01:45,239.5,0.0,0.0,0.025
2025-08-04 01:01:46,239.5,0.0,0.0,0.025
2025-08-04 01:01:47,239.5,0.0,0.0,0.025
2025-08-04 01:01:48,239.5,0.0,0.0,0.025
2025-08-04 01:01:49,239.5,0.0,0.0,0.025
2025-08-04 01:01:50,239.5,0.0,0.0,0.025
2025-08-04 01:01:51,239.5,0.0,0.0,0.025
2025-08-04 01:01:52,239.5,0.0,0.0,0.025
2025-08-04 01:01:53,239.5,0.0,0.0,0.025
2025-08-04 01:01:54,239.5,0.0,0.0,0.025
2025-08-04 01:01:55,239.5,0.0,0.0,0.025
2025-08-04 01:01:56,239.5,0.0,0.0,0.025
2025-08-04 01:01:57,239.5,0.0,0.0,0.025
2025-08-04 01:01:58,239.5,0.0,0.0,0.025
2025-08-04 01:01:59,239.5,0.0,0.0,0.025
2025-08-04 01:02:00,239.5,0.0,0.0,0.025
2025-08-04 01:02:01,239.5,0.0,0.0,0.025
2025-08-04 01:02:02,239.5,0.0,0.0,0.025
2025-08-04 01:02:03,239.5,0.0,0.0,0.025
2025-08-04 01:02:04,239.5,0.0,0.0,0.025
2025-08-04 01:02:05,239.5,0.0,0.0,0.025
2025-08-04 01:02:06,239.5,0.0,0.0,0.025
2025-08-04 01:02:07,239.5,0.0,0.0,0.025
2025-08-04 01:02:08,239.5,0.0,0.0,0.025
2025-08-04 01:02:09,239.5,0.0,0.0,0.025
2025-08-04 01:02:10,239.5,0.0,0.0,0.025
2025-08-04 01:02:11,239.5,0.0,0.0,0.025
2025-08-04 01:02:12,239.5,0.0,0.0,0.025
2025-08-04 01:02:13,239.5,0.0,0.0,0.025
2025-08-04 01:02:14,239.5,0.0,0.0,0.025
2025-08-04 01:02:15,239.5,0.0,0.0,0.025
2025-08-04 01:02:16,239.5,0.0,0.0,0.025
2025-08-04 01:02:19,239.5,0.0,0.0,0.025
2025-08-04 01:02:19,239.5,0.0,0.0,0.025
2025-08-04 01:02:19,239.5,0.0,0.0,0.025
2025-08-04 01:02:20,239.5,0.0,0.0,0.025
2025-08-04 01:02:21,239.5,0.0,0.0,0.025
2025-08-04 01:02:22,239.5,0.0,0.0,0.025
2025-08-04 01:02:23,239.5,0.0,0.0,0.025
2025-08-04 01:02:24,239.5,0.0,0.0,0.025
2025-08-04 01:02:25,239.5,0.0,0.0,0.025
2025-08-04 01:02:26,239.5,0.0,0.0,0.025
2025-08-04 01:02:27,239.5,0.0,0.0,0.025
2025-08-04 01:02:28,239.5,0.0,0.0,0.025
2025-08-04 01:02:29,239.5,0.0,0.0,0.025
2025-08-04 01:02:30,239.5,0.0,0.0,0.025
2025-08-04 01:02:31,239.5,0.0,0.0,0.025
2025-08-04 01:02:32,239.5,0.0,0.0,0.025
2025-08-04 01:02:33,239.5,0.0,0.0,0.025
2025-08-04 01:02:34,239.5,0.0,0.0,0.025
2025-08-04 01:02:35,239.5,0.0,0.0,0.025
2025-08-04 01:02:36,239.5,0.0,0.0,0.025
2025-08-04 01:02:37,239.5,0.0,0.0,0.025
2025-08-04 01:02:38,239.5,0.0,0.0,0.025
2025-08-04 01:02:39,239.5,0.0,0.0,0.025
2025-08-04 01:02:40,239.5,0.0,0.0,0.025
2025-08-04 01:02:41,239.5,0.0,0.0,0.025
2025-08-04 01:02:42,239.5,0.0,0.0,0.025
2025-08-04 01:02:45,239.5,0.0,0.0,0.025
2025-08-04 01:02:45,239.5,0.0,0.0,0.025
2025-08-04 01:02:45,239.5,0.0,0.0,0.025
2025-08-04 01:02:46,239.5,0.0,0.0,0.025
2025-08-04 01:02:46,239.5,0.0,0.0,0.025
2025-08-04 01:02:47,239.5,0.0,0.0,0.025
2025-08-04 01:02:48,239.5,0.0,0.0,0.025
2025-08-04 01:02:49,239.5,0.0,0.0,0.025
2025-08-04 01:02:50,239.5,0.0,0.0,0.025
2025-08-04 01:02:51,239.5,0.0,0.0,0.025
2025-08-04 01:02:52,239.5,0.0,0.0,0.025
2025-08-04 01:02:53,239.5,0.0,0.0,0.025
2025-08-04 01:02:54,239.5,0.0,0.0,0.025
2025-08-04 01:02:55,239.5,0.0,0.0,0.025
2025-08-04 01:02:56,239.5,0.0,0.0,0.025
2025-08-04 01:02:57,239.5,0.0,0.0,0.025
2025-08-04 01:03:45,239.5,0.0,0.0,0.025
2025-08-04 01:03:45,239.5,0.0,0.0,0.025
2025-08-04 01:04:24,239.5,0.0,0.0,0.025
2025-08-04 01:04:25,239.5,0.0,0.0,0.025
2025-08-04 01:04:26,239.5,0.0,0.0,0.025
2025-08-04 01:04:27,239.5,0.0,0.0,0.025
2025-08-04 01:04:28,239.5,0.0,0.0,0.025
2025-08-04 01:04:29,239.5,0.0,0.0,0.025
2025-08-04 01:04:31,239.5,0.0,0.0,0.025
2025-08-04 01:04:31,239.5,0.0,0.0,0.025
2025-08-04 01:04:32,239.5,0.0,0.0,0.025
2025-08-04 01:04:33,239.5,0.0,0.0,0.025
2025-08-04 01:04:34,239.5,0.0,0.0,0.025
2025-08-04 01:04:35,239.5,0.0,0.0,0.025
2025-08-04 01:04:36,239.5,0.0,0.0,0.025
2025-08-04 01:04:37,239.5,0.0,0.0,0.025
2025-08-04 01:04:38,239.5,0.0,0.0,0.025
2025-08-04 01:04:39,239.5,0.0,0.0,0.025
2025-08-04 01:04:40,239.5,0.0,0.0,0.025
2025-08-04 01:04:41,239.5,0.0,0.0,0.025
2025-08-04 01:04:42,239.5,0.0,0.0,0.025
2025-08-04 01:04:45,239.5,0.0,0.0,0.025
2025-08-04 01:04:45,239.5,0.0,0.0,0.025
2025-08-04 01:04:45,239.5,0.0,0.0,0.025
2025-08-04 01:04:45,239.5,0.0,0.0,0.025
2025-08-04 01:04:46,239.5,0.0,0.0,0.025
2025-08-04 01:04:47,239.5,0.0,0.0,0.025
2025-08-04 01:04:48,239.5,0.0,0.0,0.025
2025-08-04 01:04:49,239.5,0.0,0.0,0.025
2025-08-04 01:04:50,239.5,0.0,0.0,0.025
2025-08-04 01:04:51,239.5,0.0,0.0,0.025
2025-08-04 01:04:52,239.5,0.0,0.0,0.025
2025-08-04 01:04:53,239.5,0.0,0.0,0.025
2025-08-04 01:04:54,239.5,0.0,0.0,0.025
2025-08-04 01:04:55,239.5,0.0,0.0,0.025
2025-08-04 01:04:56,239.5,0.0,0.0,0.025
2025-08-04 01:04:57,239.5,0.0,0.0,0.025
2025-08-04 01:04:58,239.5,0.0,0.0,0.025
2025-08-04 01:04:59,239.5,0.0,0.0,0.025
2025-08-04 01:05:00,239.5,0.0,0.0,0.025
2025-08-04 01:05:01,239.5,0.0,0.0,0.025
2025-08-04 01:05:02,239.5,0.0,0.0,0.025
2025-08-04 01:05:03,239.5,0.0,0.0,0.025
2025-08-04 01:05:04,239.5,0.0,0.0,0.025
2025-08-04 01:05:05,239.5,0.0,0.0,0.025
2025-08-04 01:05:06,239.5,0.0,0.0,0.025
2025-08-04 01:05:07,239.5,0.0,0.0,0.025
2025-08-04 01:05:08,239.5,0.0,0.0,0.025
2025-08-04 01:05:09,239.5,0.0,0.0,0.025
2025-08-04 01:05:10,239.5,0.0,0.0,0.025
2025-08-04 01:05:11,239.5,0.0,0.0,0.025
2025-08-04 01:05:13,239.5,0.0,0.0,0.025
2025-08-04 01:05:14,239.5,0.0,0.0,0.025
2025-08-04 01:05:14,239.5,0.0,0.0,0.025
2025-08-04 01:05:15,239.5,0.0,0.0,0.025
2025-08-04 01:05:17,239.5,0.0,0.0,0.025
2025-08-04 01:05:18,239.5,0.0,0.0,0.025
2025-08-04 01:05:19,239.5,0.0,0.0,0.025
2025-08-04 01:05:20,239.5,0.0,0.0,0.025
2025-08-04 01:05:23,239.5,0.0,0.0,0.025
2025-08-04 01:05:23,239.5,0.0,0.0,0.025
2025-08-04 01:05:23,239.5,0.0,0.0,0.025
2025-08-04 01:05:24,239.5,0.0,0.0,0.025
2025-08-04 01:05:25,239.5,0.0,0.0,0.025
2025-08-04 01:05:26,239.5,0.0,0.0,0.025
2025-08-04 01:05:27,239.5,0.0,0.0,0.025
2025-08-04 01:05:28,239.5,0.0,0.0,0.025
2025-08-04 01:05:29,239.5,0.0,0.0,0.025
2025-08-04 01:05:30,239.5,0.0,0.0,0.025
2025-08-04 01:05:31,239.5,0.0,0.0,0.025
2025-08-04 01:05:32,239.5,0.0,0.0,0.025
2025-08-04 01:05:33,239.5,0.0,0.0,0.025
2025-08-04 01:05:34,239.5,0.0,0.0,0.025
2025-08-04 01:05:35,239.5,0.0,0.0,0.025
2025-08-04 01:05:36,239.5,0.0,0.0,0.025
2025-08-04 01:05:37,239.5,0.0,0.0,0.025
2025-08-04 01:05:38,239.5,0.0,0.0,0.025
2025-08-04 01:05:41,239.5,0.0,0.0,0.025
2025-08-04 01:05:41,239.5,0.0,0.0,0.025
2025-08-04 01:05:41,239.5,0.0,0.0,0.025
2025-08-04 01:05:42,239.5,0.0,0.0,0.025
2025-08-04 01:05:43,239.5,0.0,0.0,0.025
2025-08-04 01:05:44,239.5,0.0,0.0,0.025
2025-08-04 01:05:45,239.5,0.0,0.0,0.025
2025-08-04 01:05:45,239.5,0.0,0.0,0.025
2025-08-04 01:05:46,239.5,0.0,0.0,0.025
2025-08-04 01:05:47,239.5,0.0,0.0,0.025
2025-08-04 01:05:48,239.5,0.0,0.0,0.025
2025-08-04 01:05:49,239.5,0.0,0.0,0.025
2025-08-04 01:05:50,239.5,0.0,0.0,0.025
2025-08-04 01:05:51,239.5,0.0,0.0,0.025
2025-08-04 01:05:52,239.5,0.0,0.0,0.025
2025-08-04 01:05:53,239.5,0.0,0.0,0.025
2025-08-04 01:05:54,239.5,0.0,0.0,0.025
2025-08-04 01:05:55,239.5,0.0,0.0,0.025
2025-08-04 01:05:56,239.5,0.0,0.0,0.025
2025-08-04 01:05:57,239.5,0.0,0.0,0.025
2025-08-04 01:05:58,239.5,0.0,0.0,0.025
2025-08-04 01:05:59,239.5,0.0,0.0,0.025
2025-08-04 01:06:00,239.5,0.0,0.0,0.025
2025-08-04 01:06:01,239.5,0.0,0.0,0.025
2025-08-04 01:06:02,239.5,0.0,0.0,0.025
2025-08-04 01:06:03,239.5,0.0,0.0,0.025
2025-08-04 01:06:04,239.5,0.0,0.0,0.025
2025-08-04 01:06:05,239.5,0.0,0.0,0.025
2025-08-04 01:06:06,239.5,0.0,0.0,0.025
2025-08-04 01:06:07,239.5,0.0,0.0,0.025
2025-08-04 01:06:08,239.5,0.0,0.0,0.025
2025-08-04 01:06:11,239.5,0.0,0.0,0.025
2025-08-04 01:06:11,239.5,0.0,0.0,0.025
2025-08-04 01:06:11,239.5,0.0,0.0,0.025
2025-08-04 01:06:12,239.5,0.0,0.0,0.025
2025-08-04 01:06:13,239.5,0.0,0.0,0.025
2025-08-04 01:06:14,239.5,0.0,0.0,0.025
2025-08-04 01:06:15,239.5,0.0,0.0,0.025
2025-08-04 01:06:45,239.5,0.0,0.0,0.025
2025-08-04 01:06:45,239.5,0.0,0.0,0.025
2025-08-04 01:06:53,239.5,0.0,0.0,0.025
2025-08-04 01:06:53,239.5,0.0,0.0,0.025
2025-08-04 01:06:55,239.5,0.0,0.0,0.025
2025-08-04 01:06:56,239.5,0.0,0.0,0.025
2025-08-04 01:06:57,239.5,0.0,0.0,0.025
2025-08-04 01:06:58,239.5,0.0,0.0,0.025
2025-08-04 01:06:59,239.5,0.0,0.0,0.025
2025-08-04 01:07:03,239.5,0.0,0.0,0.025
2025-08-04 01:07:03,239.5,0.0,0.0,0.025
2025-08-04 01:07:04,239.5,0.0,0.0,0.025
2025-08-04 01:07:04,239.5,0.0,0.0,0.025
2025-08-04 01:07:04,239.5,0.0,0.0,0.025
2025-08-04 01:07:05,239.5,0.0,0.0,0.025
2025-08-04 01:07:06,239.5,0.0,0.0,0.025
2025-08-04 01:07:07,239.5,0.0,0.0,0.025
2025-08-04 01:07:08,239.5,0.0,0.0,0.025
2025-08-04 01:07:11,239.5,0.0,0.0,0.025
2025-08-04 01:07:11,239.5,0.0,0.0,0.025
2025-08-04 01:07:12,239.5,0.0,0.0,0.025
2025-08-04 01:07:12,239.5,0.0,0.0,0.025
2025-08-04 01:07:13,239.5,0.0,0.0,0.025
2025-08-04 01:07:14,239.5,0.0,0.0,0.025
2025-08-04 01:07:15,239.5,0.0,0.0,0.025
2025-08-04 01:07:16,239.5,0.0,0.0,0.025
2025-08-04 01:07:17,239.5,0.0,0.0,0.025
2025-08-04 01:07:18,239.5,0.0,0.0,0.025
2025-08-04 01:07:19,239.5,0.0,0.0,0.025
2025-08-04 01:07:20,239.5,0.0,0.0,0.025
2025-08-04 01:07:21,239.5,0.0,0.0,0.025
2025-08-04 01:07:22,239.5,0.0,0.0,0.025
2025-08-04 01:07:23,239.5,0.0,0.0,0.025
2025-08-04 01:07:24,239.5,0.0,0.0,0.025
2025-08-04 01:07:25,239.5,0.0,0.0,0.025
2025-08-04 01:07:26,239.5,0.0,0.0,0.025
2025-08-04 01:07:27,239.5,0.0,0.0,0.025
2025-08-04 01:07:28,239.5,0.0,0.0,0.025
2025-08-04 01:07:29,239.5,0.0,0.0,0.025
2025-08-04 01:07:30,239.5,0.0,0.0,0.025
2025-08-04 01:07:31,239.5,0.0,0.0,0.025
2025-08-04 01:07:32,239.5,0.0,0.0,0.025
2025-08-04 01:07:33,239.5,0.0,0.0,0.025
2025-08-04 01:07:34,239.5,0.0,0.0,0.025
2025-08-04 01:07:35,239.5,0.0,0.0,0.025
2025-08-04 01:07:36,239.5,0.0,0.0,0.025
2025-08-04 01:07:37,239.5,0.0,0.0,0.025
2025-08-04 01:07:38,239.5,0.0,0.0,0.025
2025-08-04 01:07:41,239.5,0.0,0.0,0.025
2025-08-04 01:07:41,239.5,0.0,0.0,0.025
2025-08-04 01:07:41,239.5,0.0,0.0,0.025
2025-08-04 01:07:42,239.5,0.0,0.0,0.025
2025-08-04 01:07:43,239.5,0.0,0.0,0.025
2025-08-04 01:07:44,239.5,0.0,0.0,0.025
2025-08-04 01:07:45,239.5,0.0,0.0,0.025
2025-08-04 01:07:45,239.5,0.0,0.0,0.025
2025-08-04 01:07:46,239.5,0.0,0.0,0.025
2025-08-04 01:07:48,239.5,0.0,0.0,0.025
2025-08-04 01:07:48,239.5,0.0,0.0,0.025
2025-08-04 01:07:49,239.5,0.0,0.0,0.025
2025-08-04 01:07:50,239.5,0.0,0.0,0.025
2025-08-04 01:07:52,239.5,0.0,0.0,0.025
2025-08-04 01:07:53,239.5,0.0,0.0,0.025
2025-08-04 01:07:54,239.5,0.0,0.0,0.025
2025-08-04 01:07:57,239.5,0.0,0.0,0.025
2025-08-04 01:07:57,239.5,0.0,0.0,0.025
2025-08-04 01:07:57,239.5,0.0,0.0,0.025
2025-08-04 01:07:58,239.5,0.0,0.0,0.025
2025-08-04 01:07:59,239.5,0.0,0.0,0.025
2025-08-04 01:08:01,239.5,0.0,0.0,0.025
2025-08-04 01:08:01,239.5,0.0,0.0,0.025
2025-08-04 01:08:02,239.5,0.0,0.0,0.025
2025-08-04 01:08:03,239.5,0.0,0.0,0.025
2025-08-04 01:08:04,239.5,0.0,0.0,0.025
2025-08-04 01:08:05,239.5,0.0,0.0,0.025
2025-08-04 01:08:05,239.5,0.0,0.0,0.025
2025-08-04 01:08:06,239.5,0.0,0.0,0.025
2025-08-04 01:08:09,239.5,0.0,0.0,0.025
2025-08-04 01:08:09,239.5,0.0,0.0,0.025
2025-08-04 01:08:09,239.5,0.0,0.0,0.025
2025-08-04 01:08:10,239.5,0.0,0.0,0.025
2025-08-04 01:08:11,239.5,0.0,0.0,0.025
2025-08-04 01:08:12,239.5,0.0,0.0,0.025
2025-08-04 01:08:13,239.5,0.0,0.0,0.025
2025-08-04 01:08:14,239.5,0.0,0.0,0.025
2025-08-04 01:08:15,239.5,0.0,0.0,0.025
2025-08-04 01:08:16,239.5,0.0,0.0,0.025
2025-08-04 01:08:19,239.5,0.0,0.0,0.025
2025-08-04 01:08:19,239.5,0.0,0.0,0.025
2025-08-04 01:08:19,239.5,0.0,0.0,0.025
2025-08-04 01:08:20,239.5,0.0,0.0,0.025
2025-08-04 01:08:21,239.5,0.0,0.0,0.025
2025-08-04 01:08:22,239.5,0.0,0.0,0.025
2025-08-04 01:08:23,239.5,0.0,0.0,0.025
2025-08-04 01:08:24,239.5,0.0,0.0,0.025
2025-08-04 01:08:25,239.5,0.0,0.0,0.025
2025-08-04 01:08:26,239.5,0.0,0.0,0.025
2025-08-04 01:08:27,239.5,0.0,0.0,0.025
2025-08-04 01:08:28,239.5,0.0,0.0,0.025
2025-08-04 01:08:29,239.5,0.0,0.0,0.025
2025-08-04 01:08:30,239.5,0.0,0.0,0.025
2025-08-04 01:08:31,240.4,0.0,0.0,0.025
2025-08-04 01:08:32,240.4,0.0,0.0,0.025
2025-08-04 01:08:33,240.4,0.0,0.0,0.025
2025-08-04 01:08:34,240.4,0.0,0.0,0.025
2025-08-04 01:08:36,240.4,0.0,0.0,0.025
2025-08-04 01:08:37,240.4,0.0,0.0,0.025
2025-08-04 01:08:38,240.4,0.0,0.0,0.025
2025-08-04 01:08:39,240.4,0.0,0.0,0.025
2025-08-04 01:08:40,240.4,0.0,0.0,0.025
2025-08-04 01:08:41,240.4,0.0,0.0,0.025
2025-08-04 01:08:42,240.4,0.0,0.0,0.025
2025-08-04 01:08:43,240.4,0.0,0.0,0.025
2025-08-04 01:08:44,240.4,0.0,0.0,0.025
2025-08-04 01:08:45,240.4,0.0,0.0,0.025
2025-08-04 01:08:45,240.4,0.0,0.0,0.025
2025-08-04 01:08:46,240.0,0.0,0.0,0.025
2025-08-04 01:08:47,240.0,0.0,0.0,0.025
2025-08-04 01:08:48,240.0,0.0,0.0,0.025
2025-08-04 01:08:49,240.0,0.0,0.0,0.025
2025-08-04 01:08:51,240.0,0.0,0.0,0.025
2025-08-04 01:08:52,240.0,0.0,0.0,0.025
2025-08-04 01:08:53,240.0,0.0,0.0,0.025
2025-08-04 01:08:54,240.0,0.0,0.0,0.025
2025-08-04 01:08:57,240.9,0.0,0.0,0.025
2025-08-04 01:08:57,240.9,0.0,0.0,0.025
2025-08-04 01:08:58,240.9,0.0,0.0,0.025
2025-08-04 01:08:59,240.9,0.0,0.0,0.025
2025-08-04 01:09:00,240.9,0.0,0.0,0.025
2025-08-04 01:09:01,240.9,0.0,0.0,0.025
2025-08-04 01:09:02,240.9,0.0,0.0,0.025
2025-08-04 01:09:03,240.9,0.0,0.0,0.025
2025-08-04 01:09:04,240.9,0.0,0.0,0.025
2025-08-04 01:09:05,240.9,0.0,0.0,0.025
2025-08-04 01:09:06,240.9,0.0,0.0,0.025
2025-08-04 01:09:07,240.9,0.0,0.0,0.025
2025-08-04 01:09:08,240.9,0.0,0.0,0.025
2025-08-04 01:09:09,240.9,0.0,0.0,0.025
2025-08-04 01:09:10,240.9,0.0,0.0,0.025
2025-08-04 01:09:11,240.4,0.0,0.0,0.025
2025-08-04 01:09:12,240.4,0.0,0.0,0.025
2025-08-04 01:09:13,240.4,0.0,0.0,0.025
2025-08-04 01:09:14,240.4,0.0,0.0,0.025
2025-08-04 01:09:15,240.4,0.0,0.0,0.025
2025-08-04 01:09:16,240.4,0.0,0.0,0.025
2025-08-04 01:09:17,240.4,0.0,0.0,0.025
2025-08-04 01:09:18,240.4,0.0,0.0,0.025
2025-08-04 01:09:19,240.4,0.0,0.0,0.025
2025-08-04 01:09:20,240.4,0.0,0.0,0.025
2025-08-04 01:09:21,240.4,0.0,0.0,0.025
2025-08-04 01:09:22,240.4,0.0,0.0,0.025
2025-08-04 01:09:23,240.4,0.0,0.0,0.025
2025-08-04 01:09:24,240.4,0.0,0.0,0.025
2025-08-04 01:09:25,240.4,0.0,0.0,0.025
2025-08-04 01:09:26,240.4,0.0,0.0,0.025
2025-08-04 01:09:27,240.4,0.0,0.0,0.025
2025-08-04 01:09:28,240.4,0.0,0.0,0.025
2025-08-04 01:09:29,240.4,0.0,0.0,0.025
2025-08-04 01:09:30,240.4,0.0,0.0,0.025
2025-08-04 01:09:31,240.4,0.0,0.0,0.025
2025-08-04 01:09:32,240.4,0.0,0.0,0.025
2025-08-04 01:09:33,240.4,0.0,0.0,0.025
2025-08-04 01:09:34,240.4,0.0,0.0,0.025
2025-08-04 01:09:35,240.4,0.0,0.0,0.025
2025-08-04 01:09:36,240.4,0.0,0.0,0.025
2025-08-04 01:09:37,240.4,0.0,0.0,0.025
2025-08-04 01:09:38,240.4,0.0,0.0,0.025
2025-08-04 01:09:39,240.4,0.0,0.0,0.025
2025-08-04 01:09:40,240.4,0.0,0.0,0.025
2025-08-04 01:09:41,240.4,0.0,0.0,0.025
2025-08-04 01:09:42,240.4,0.0,0.0,0.025
2025-08-04 01:09:43,240.4,0.0,0.0,0.025
2025-08-04 01:09:44,240.4,0.0,0.0,0.025
2025-08-04 01:09:47,240.4,0.0,0.0,0.025
2025-08-04 01:09:47,240.4,0.0,0.0,0.025
2025-08-04 01:09:47,240.4,0.0,0.0,0.025
2025-08-04 01:09:48,240.4,0.0,0.0,0.025
2025-08-04 01:09:48,240.4,0.0,0.0,0.025
2025-08-04 01:09:49,240.4,0.0,0.0,0.025
2025-08-04 01:09:50,240.4,0.0,0.0,0.025
2025-08-04 01:10:45,240.4,0.0,0.0,0.025
2025-08-04 01:10:45,240.4,0.0,0.0,0.025
2025-08-04 01:11:45,240.4,0.0,0.0,0.025
2025-08-04 01:11:45,240.4,0.0,0.0,0.025
2025-08-04 01:12:43,240.4,0.0,0.0,0.025
2025-08-04 01:12:44,240.4,0.0,0.0,0.025
2025-08-04 01:12:45,240.4,0.0,0.0,0.025
2025-08-04 01:12:45,240.4,0.0,0.0,0.025
2025-08-04 01:12:47,240.4,0.0,0.0,0.025
2025-08-04 01:12:48,240.4,0.0,0.0,0.025
2025-08-04 01:12:49,240.4,0.0,0.0,0.025
2025-08-04 01:12:50,240.4,0.0,0.0,0.025
2025-08-04 01:12:51,240.4,0.0,0.0,0.025
2025-08-04 01:12:52,240.4,0.0,0.0,0.025
2025-08-04 01:12:53,240.4,0.0,0.0,0.025
2025-08-04 01:12:54,240.4,0.0,0.0,0.025
2025-08-04 01:12:55,240.4,0.0,0.0,0.025
2025-08-04 01:12:56,240.4,0.0,0.0,0.025
2025-08-04 01:12:58,240.4,0.0,0.0,0.025
2025-08-04 01:12:59,240.4,0.0,0.0,0.025
2025-08-04 01:13:00,240.4,0.0,0.0,0.025
2025-08-04 01:13:01,240.4,0.0,0.0,0.025
2025-08-04 01:13:02,240.4,0.0,0.0,0.025
2025-08-04 01:13:03,240.4,0.0,0.0,0.025
2025-08-04 01:13:04,240.4,0.0,0.0,0.025
2025-08-04 01:13:05,240.4,0.0,0.0,0.025
2025-08-04 01:13:06,240.4,0.0,0.0,0.025
2025-08-04 01:13:07,240.4,0.0,0.0,0.025
2025-08-04 01:13:08,240.4,0.0,0.0,0.025
2025-08-04 01:13:09,240.4,0.0,0.0,0.025
2025-08-04 01:13:10,240.4,0.0,0.0,0.025
2025-08-04 01:13:11,240.4,0.0,0.0,0.025
2025-08-04 01:13:12,240.4,0.0,0.0,0.025
2025-08-04 01:13:13,240.4,0.0,0.0,0.025
2025-08-04 01:13:14,240.4,0.0,0.0,0.025
2025-08-04 01:13:15,240.4,0.0,0.0,0.025
2025-08-04 01:13:16,239.0,2.158,148.1,0.025
2025-08-04 01:13:17,239.0,2.158,148.1,0.025
2025-08-04 01:13:18,239.0,2.158,148.1,0.025
2025-08-04 01:13:19,239.0,2.158,148.1,0.025
2025-08-04 01:13:20,239.0,2.158,148.1,0.025
2025-08-04 01:13:21,239.0,2.158,148.1,0.025
2025-08-04 01:13:22,239.0,2.158,148.1,0.025
2025-08-04 01:13:23,239.0,2.158,148.1,0.025
2025-08-04 01:13:24,239.0,2.158,148.1,0.025
2025-08-04 01:13:25,239.0,2.158,148.1,0.025
2025-08-04 01:13:26,239.0,2.158,148.1,0.025
2025-08-04 01:13:27,239.0,2.158,148.1,0.025
2025-08-04 01:13:28,239.0,2.158,148.1,0.025
2025-08-04 01:13:29,239.0,2.158,148.1,0.025
2025-08-04 01:13:30,239.0,2.158,148.1,0.025
2025-08-04 01:13:31,239.0,2.158,148.1,0.025
2025-08-04 01:13:32,239.0,2.158,148.1,0.025
2025-08-04 01:13:33,239.0,2.158,148.1,0.025
2025-08-04 01:13:34,239.0,2.158,148.1,0.025
2025-08-04 01:13:35,239.0,2.158,148.1,0.025
2025-08-04 01:13:36,239.0,2.158,148.1,0.025
2025-08-04 01:13:37,239.0,2.158,148.1,0.025
2025-08-04 01:13:38,239.0,2.158,148.1,0.025
2025-08-04 01:13:39,239.0,2.158,148.1,0.025
2025-08-04 01:13:40,239.0,2.158,148.1,0.025
2025-08-04 01:13:42,239.0,2.158,148.1,0.025
2025-08-04 01:13:42,239.0,2.158,148.1,0.025
2025-08-04 01:13:44,239.0,2.158,148.1,0.025
2025-08-04 01:13:44,239.0,2.158,148.1,0.025
2025-08-04 01:13:45,239.0,2.158,148.1,0.025
2025-08-04 01:13:45,239.0,2.158,148.1,0.025
2025-08-04 01:13:46,239.0,2.158,148.1,0.025
2025-08-04 01:13:47,239.0,2.158,148.1,0.025
2025-08-04 01:13:47,239.0,2.158,148.1,0.025
2025-08-04 01:13:48,239.0,2.158,148.1,0.025
2025-08-04 01:13:55,0.0,0.0,0.0,0.0
2025-08-04 01:13:55,239.0,2.158,148.1,0.025
2025-08-04 01:13:56,239.0,2.158,148.1,0.025
2025-08-04 01:13:56,239.0,2.158,148.1,0.025
2025-08-04 01:13:56,239.0,2.158,148.1,0.025
2025-08-04 01:13:57,239.0,2.158,148.1,0.025
2025-08-04 01:13:59,239.0,2.158,148.1,0.025
2025-08-04 01:13:59,239.0,2.158,148.1,0.025
2025-08-04 01:14:00,239.0,2.158,148.1,0.025
2025-08-04 01:14:03,239.0,2.158,148.1,0.025
2025-08-04 01:14:03,239.0,2.158,148.1,0.025
2025-08-04 01:14:04,239.0,2.158,148.1,0.025
2025-08-04 01:14:05,239.0,2.158,148.1,0.025
2025-08-04 01:14:06,239.0,2.158,148.1,0.025
2025-08-04 01:14:07,239.0,2.158,148.1,0.025
2025-08-04 01:14:08,239.0,2.158,148.1,0.025
2025-08-04 01:14:09,239.0,2.158,148.1,0.025
2025-08-04 01:14:10,239.0,2.158,148.1,0.025
2025-08-04 01:14:11,239.0,2.158,148.1,0.025
2025-08-04 01:14:12,239.0,2.158,148.1,0.025
2025-08-04 01:14:13,239.0,2.158,148.1,0.025
2025-08-04 01:14:14,239.0,2.158,148.1,0.025
2025-08-04 01:14:16,239.0,2.158,148.1,0.025
2025-08-04 01:14:16,239.0,2.158,148.1,0.025
2025-08-04 01:14:17,239.0,2.158,148.1,0.025
2025-08-04 01:14:19,239.0,2.158,148.1,0.025
2025-08-04 01:14:19,239.0,2.158,148.1,0.025
2025-08-04 01:14:20,239.0,2.158,148.1,0.025
2025-08-04 01:14:21,239.0,2.158,148.1,0.025
2025-08-04 01:14:22,239.0,2.158,148.1,0.025
2025-08-04 01:14:23,239.0,2.158,148.1,0.025
2025-08-04 01:14:24,239.0,2.158,148.1,0.025
2025-08-04 01:14:25,239.0,2.158,148.1,0.025
2025-08-04 01:14:26,239.0,2.158,148.1,0.025
2025-08-04 01:14:26,239.0,2.158,148.1,0.025
2025-08-04 01:14:27,239.0,2.158,148.1,0.025
2025-08-04 01:14:29,239.0,2.158,148.1,0.025
2025-08-04 01:14:30,239.0,2.158,148.1,0.025
2025-08-04 01:14:31,239.0,2.158,148.1,0.025
2025-08-04 01:14:32,239.0,2.158,148.1,0.025
2025-08-04 01:14:33,239.0,2.158,148.1,0.025
2025-08-04 01:14:34,239.0,2.158,148.1,0.025
2025-08-04 01:14:35,239.0,2.158,148.1,0.025
2025-08-04 01:14:36,239.0,2.158,148.1,0.025
2025-08-04 01:14:37,239.0,2.158,148.1,0.025
2025-08-04 01:14:38,239.0,2.158,148.1,0.025
2025-08-04 01:14:39,239.0,2.158,148.1,0.025
2025-08-04 01:14:40,239.0,2.158,148.1,0.025
2025-08-04 01:14:41,239.0,2.158,148.1,0.025
2025-08-04 01:14:42,239.0,2.158,148.1,0.025
2025-08-04 01:14:44,239.0,2.158,148.1,0.025
2025-08-04 01:14:44,239.0,2.158,148.1,0.025
2025-08-04 01:14:45,239.0,2.158,148.1,0.025
2025-08-04 01:14:45,239.0,2.158,148.1,0.025
2025-08-04 01:14:46,239.0,2.158,148.1,0.025
2025-08-04 01:14:47,239.0,2.158,148.1,0.025
2025-08-04 01:14:48,239.0,2.158,148.1,0.025
2025-08-04 01:14:49,239.0,2.158,148.1,0.025
2025-08-04 01:14:50,239.0,2.158,148.1,0.025
2025-08-04 01:14:51,239.0,2.158,148.1,0.025
2025-08-04 01:14:52,239.0,2.158,148.1,0.025
2025-08-04 01:14:53,239.0,2.158,148.1,0.025
2025-08-04 01:14:54,239.0,2.158,148.1,0.025
2025-08-04 01:14:55,239.0,2.158,148.1,0.025
2025-08-04 01:14:56,239.0,2.158,148.1,0.025
2025-08-04 01:14:57,239.0,2.158,148.1,0.025
2025-08-04 01:14:58,239.0,2.158,148.1,0.025
2025-08-04 01:14:59,239.0,2.158,148.1,0.025
2025-08-04 01:15:00,239.0,2.158,148.1,0.025
2025-08-04 01:15:01,239.0,2.158,148.1,0.025
2025-08-04 01:15:02,239.0,2.158,148.1,0.025
2025-08-04 01:15:03,239.0,2.158,148.1,0.025
2025-08-04 01:15:04,239.0,2.158,148.1,0.025
2025-08-04 01:15:05,239.0,2.158,148.1,0.025
2025-08-04 01:15:06,239.0,2.158,148.1,0.025
2025-08-04 01:15:07,239.0,2.158,148.1,0.025
2025-08-04 01:15:08,239.0,2.158,148.1,0.025
2025-08-04 01:15:09,239.0,2.158,148.1,0.025
2025-08-04 01:15:10,239.0,2.158,148.1,0.025
2025-08-04 01:15:11,239.0,2.158,148.1,0.025
2025-08-04 01:15:12,239.0,2.158,148.1,0.025
2025-08-04 01:15:13,239.0,2.158,148.1,0.025
2025-08-04 01:15:14,239.0,2.158,148.1,0.025
2025-08-04 01:15:15,239.0,2.158,148.1,0.025
2025-08-04 01:15:16,239.0,2.158,148.1,0.025
2025-08-04 01:15:17,239.0,2.158,148.1,0.025
2025-08-04 01:15:18,239.0,2.158,148.1,0.025
2025-08-04 01:15:19,239.0,2.158,148.1,0.025
2025-08-04 01:15:20,239.0,2.158,148.1,0.025
2025-08-04 01:15:21,239.0,2.158,148.1,0.025
2025-08-04 01:15:22,239.0,2.158,148.1,0.025
2025-08-04 01:15:23,239.0,2.158,148.1,0.025
2025-08-04 01:15:24,239.0,2.158,148.1,0.025
2025-08-04 01:15:25,239.0,2.158,148.1,0.025
2025-08-04 01:15:26,239.0,2.158,148.1,0.025
2025-08-04 01:15:27,239.0,2.158,148.1,0.025
2025-08-04 01:15:28,239.0,2.158,148.1,0.025
2025-08-04 01:15:29,239.0,2.158,148.1,0.025
2025-08-04 01:15:30,239.0,2.158,148.1,0.025
2025-08-04 01:15:31,239.0,2.158,148.1,0.025
2025-08-04 01:15:32,239.0,2.158,148.1,0.025
2025-08-04 01:15:33,239.0,2.158,148.1,0.025
2025-08-04 01:15:35,239.0,2.158,148.1,0.025
2025-08-04 01:15:35,239.0,2.158,148.1,0.025
2025-08-04 01:15:36,239.0,2.158,148.1,0.025
2025-08-04 01:15:37,239.0,2.158,148.1,0.025
2025-08-04 01:15:38,239.0,2.158,148.1,0.025
2025-08-04 01:15:39,239.0,2.158,148.1,0.025
2025-08-04 01:15:40,239.0,2.158,148.1,0.025
2025-08-04 01:15:41,239.0,2.158,148.1,0.025
2025-08-04 01:15:42,239.0,2.158,148.1,0.025
2025-08-04 01:15:43,239.0,2.158,148.1,0.025
2025-08-04 01:15:44,239.0,2.158,148.1,0.025
2025-08-04 01:15:45,239.0,2.158,148.1,0.025
2025-08-04 01:15:45,239.0,2.158,148.1,0.025
2025-08-04 01:15:46,239.0,2.158,148.1,0.025
2025-08-04 01:15:47,239.0,2.158,148.1,0.025
2025-08-04 01:15:48,239.0,2.158,148.1,0.025
2025-08-04 01:15:49,239.0,2.158,148.1,0.025
2025-08-04 01:15:50,239.0,2.158,148.1,0.025
2025-08-04 01:15:51,239.0,2.158,148.1,0.025
2025-08-04 01:15:52,239.0,2.158,148.1,0.025
2025-08-04 01:15:53,239.0,2.158,148.1,0.025
2025-08-04 01:15:54,239.0,2.158,148.1,0.025
2025-08-04 01:15:55,239.0,2.158,148.1,0.025
2025-08-04 01:15:56,239.0,2.158,148.1,0.025
2025-08-04 01:15:57,239.0,2.158,148.1,0.025
2025-08-04 01:15:58,239.0,2.158,148.1,0.025
2025-08-04 01:15:59,239.0,2.158,148.1,0.025
2025-08-04 01:16:00,239.0,2.158,148.1,0.025
2025-08-04 01:16:01,239.0,2.158,148.1,0.025
2025-08-04 01:16:02,239.0,2.158,148.1,0.025
2025-08-04 01:16:03,239.0,2.158,148.1,0.025
2025-08-04 01:16:04,239.0,2.158,148.1,0.025
2025-08-04 01:16:05,239.0,2.158,148.1,0.025
2025-08-04 01:16:06,239.0,2.158,148.1,0.025
2025-08-04 01:16:07,239.0,2.158,148.1,0.025
2025-08-04 01:16:08,239.0,2.158,148.1,0.025
2025-08-04 01:16:09,239.0,2.158,148.1,0.025
2025-08-04 01:16:10,239.0,2.158,148.1,0.025
2025-08-04 01:16:11,239.0,2.158,148.1,0.025
2025-08-04 01:16:13,239.0,2.158,148.1,0.025
2025-08-04 01:16:14,239.0,2.158,148.1,0.025
2025-08-04 01:16:15,239.0,2.158,148.1,0.025
2025-08-04 01:16:16,239.0,2.158,148.1,0.025
2025-08-04 01:16:17,239.0,2.158,148.1,0.025
2025-08-04 01:16:18,239.0,2.158,148.1,0.025
2025-08-04 01:16:20,239.0,2.158,148.1,0.025
2025-08-04 01:16:20,239.0,2.158,148.1,0.025
2025-08-04 01:16:21,239.0,2.158,148.1,0.025
2025-08-04 01:16:22,239.0,2.158,148.1,0.025
2025-08-04 01:16:23,239.0,2.158,148.1,0.025
2025-08-04 01:16:24,239.0,2.158,148.1,0.025
2025-08-04 01:16:25,239.0,2.158,148.1,0.025
2025-08-04 01:16:26,239.0,2.158,148.1,0.025
2025-08-04 01:16:27,239.0,2.158,148.1,0.025
2025-08-04 01:16:28,239.0,2.158,148.1,0.025
2025-08-04 01:16:29,239.0,2.158,148.1,0.025
2025-08-04 01:16:30,239.0,2.158,148.1,0.025
2025-08-04 01:16:31,239.0,2.158,148.1,0.025
2025-08-04 01:16:33,239.0,2.158,148.1,0.025
2025-08-04 01:16:33,239.0,2.158,148.1,0.025
2025-08-04 01:16:34,239.0,2.158,148.1,0.025
2025-08-04 01:16:35,239.0,2.158,148.1,0.025
2025-08-04 01:16:36,239.0,2.158,148.1,0.025
2025-08-04 01:16:37,239.0,2.158,148.1,0.025
2025-08-04 01:16:38,239.0,2.158,148.1,0.025
2025-08-04 01:16:39,239.0,2.158,148.1,0.025
2025-08-04 01:16:40,239.0,2.158,148.1,0.025
2025-08-04 01:16:41,239.0,2.158,148.1,0.025
2025-08-04 01:16:42,239.0,2.158,148.1,0.025
2025-08-04 01:16:43,239.0,2.158,148.1,0.025
2025-08-04 01:16:44,239.0,2.158,148.1,0.025
2025-08-04 01:16:45,239.0,2.158,148.1,0.025
2025-08-04 01:16:45,239.0,2.158,148.1,0.025
2025-08-04 01:16:46,239.0,2.158,148.1,0.025
2025-08-04 01:16:47,239.0,2.158,148.1,0.025
2025-08-04 01:16:48,239.0,2.158,148.1,0.025
2025-08-04 01:16:49,239.0,2.158,148.1,0.025
2025-08-04 01:16:50,239.0,2.158,148.1,0.025
2025-08-04 01:16:51,239.0,2.158,148.1,0.025
2025-08-04 01:16:52,239.0,2.158,148.1,0.025
2025-08-04 01:16:53,239.0,2.158,148.1,0.025
2025-08-04 01:16:53,239.0,2.158,148.1,0.025
2025-08-04 01:16:54,239.0,2.158,148.1,0.025
2025-08-04 01:16:55,239.0,2.158,148.1,0.025
2025-08-04 01:16:56,239.0,2.158,148.1,0.025
2025-08-04 01:16:57,239.0,2.158,148.1,0.025
2025-08-04 01:16:58,239.0,2.158,148.1,0.025
2025-08-04 01:16:59,239.0,2.158,148.1,0.025
2025-08-04 01:17:00,239.0,2.158,148.1,0.025
2025-08-04 01:17:01,239.0,2.158,148.1,0.025
2025-08-04 01:17:02,239.0,2.158,148.1,0.025
2025-08-04 01:17:03,239.0,2.158,148.1,0.025
2025-08-04 01:17:04,239.0,2.158,148.1,0.025
2025-08-04 01:17:05,239.0,2.158,148.1,0.025
2025-08-04 01:17:06,239.0,2.158,148.1,0.025
2025-08-04 01:17:07,239.0,2.158,148.1,0.025
2025-08-04 01:17:08,239.0,2.158,148.1,0.025
2025-08-04 01:17:09,239.0,2.158,148.1,0.025
2025-08-04 01:17:10,239.0,2.158,148.1,0.025
2025-08-04 01:17:11,239.0,2.158,148.1,0.025
2025-08-04 01:17:12,239.0,2.158,148.1,0.025
2025-08-04 01:17:13,239.0,2.158,148.1,0.025
2025-08-04 01:17:14,239.0,2.158,148.1,0.025
2025-08-04 01:17:15,239.0,2.158,148.1,0.025
2025-08-04 01:17:16,239.0,2.158,148.1,0.025
2025-08-04 01:17:17,239.0,2.158,148.1,0.025
2025-08-04 01:17:18,239.0,2.158,148.1,0.025
2025-08-04 01:17:19,239.0,2.158,148.1,0.025
2025-08-04 01:17:20,239.0,2.158,148.1,0.025
2025-08-04 01:17:22,239.0,2.158,148.1,0.025
2025-08-04 01:17:23,239.0,2.158,148.1,0.025
2025-08-04 01:17:24,239.0,2.158,148.1,0.025
2025-08-04 01:17:25,239.0,2.158,148.1,0.025
2025-08-04 01:17:26,239.0,2.158,148.1,0.025
2025-08-04 01:17:27,239.0,2.158,148.1,0.025
2025-08-04 01:17:28,239.0,2.158,148.1,0.025
2025-08-04 01:17:29,239.0,2.158,148.1,0.025
2025-08-04 01:17:30,239.0,2.158,148.1,0.025
2025-08-04 01:17:31,239.0,2.158,148.1,0.025
2025-08-04 01:17:32,239.0,2.158,148.1,0.025
2025-08-04 01:17:33,239.0,2.158,148.1,0.025
2025-08-04 01:17:34,239.0,2.158,148.1,0.025
2025-08-04 01:17:35,239.0,2.158,148.1,0.025
2025-08-04 01:17:36,239.0,2.158,148.1,0.025
2025-08-04 01:17:37,239.0,2.158,148.1,0.025
2025-08-04 01:17:38,239.0,2.158,148.1,0.025
2025-08-04 01:17:39,239.0,2.158,148.1,0.025
2025-08-04 01:17:40,239.0,2.158,148.1,0.025
2025-08-04 01:17:41,239.0,2.158,148.1,0.025
2025-08-04 01:17:42,239.0,2.158,148.1,0.025
2025-08-04 01:17:43,239.0,2.158,148.1,0.025
2025-08-04 01:17:44,239.0,2.158,148.1,0.025
2025-08-04 01:17:45,239.0,2.158,148.1,0.025
2025-08-04 01:17:45,239.0,2.158,148.1,0.025
2025-08-04 01:17:46,239.0,2.158,148.1,0.025
2025-08-04 01:17:47,239.0,2.158,148.1,0.025
2025-08-04 01:17:48,239.0,2.158,148.1,0.025
2025-08-04 01:17:49,239.0,2.158,148.1,0.025
2025-08-04 01:17:50,239.0,2.158,148.1,0.025
2025-08-04 01:17:51,239.0,2.158,148.1,0.025
2025-08-04 01:17:52,239.0,2.158,148.1,0.025
2025-08-04 01:17:54,239.0,2.158,148.1,0.025
2025-08-04 01:17:54,239.0,2.158,148.1,0.025
2025-08-04 01:17:55,239.0,2.158,148.1,0.025
2025-08-04 01:17:56,239.0,2.158,148.1,0.025
2025-08-04 01:17:57,239.0,2.158,148.1,0.025
2025-08-04 01:17:58,239.0,2.158,148.1,0.025
2025-08-04 01:17:59,239.0,2.158,148.1,0.025
2025-08-04 01:18:00,239.0,2.158,148.1,0.025
2025-08-04 01:18:01,239.0,2.158,148.1,0.025
2025-08-04 01:18:02,239.0,2.158,148.1,0.025
2025-08-04 01:18:03,239.0,2.158,148.1,0.025
2025-08-04 01:18:04,239.0,2.158,148.1,0.025
2025-08-04 01:18:06,239.0,2.158,148.1,0.025
2025-08-04 01:18:06,239.0,2.158,148.1,0.025
2025-08-04 01:18:07,239.0,2.158,148.1,0.025
2025-08-04 01:18:08,239.0,2.158,148.1,0.025
2025-08-04 01:18:09,239.0,2.158,148.1,0.025
2025-08-04 01:18:13,239.0,2.158,148.1,0.025
2025-08-04 01:18:13,239.0,2.158,148.1,0.025
2025-08-04 01:18:13,239.0,2.158,148.1,0.025
2025-08-04 01:18:13,239.0,2.158,148.1,0.025
2025-08-04 01:18:14,239.0,2.158,148.1,0.025
2025-08-04 01:18:15,239.0,2.158,148.1,0.025
2025-08-04 01:18:16,239.0,2.158,148.1,0.025
2025-08-04 01:18:17,239.0,2.158,148.1,0.025
2025-08-04 01:18:18,239.0,2.158,148.1,0.025
2025-08-04 01:18:19,239.0,2.158,148.1,0.025
2025-08-04 01:18:20,239.0,2.158,148.1,0.025
2025-08-04 01:18:45,239.0,2.158,148.1,0.025
2025-08-04 01:18:45,239.0,2.158,148.1,0.025
2025-08-04 01:19:45,239.0,2.158,148.1,0.025
2025-08-04 01:19:45,239.0,2.158,148.1,0.025
2025-08-04 01:23:13,240.4,0.0,0.0,0.025
2025-08-04 01:23:14,240.4,0.0,0.0,0.025
2025-08-04 01:23:15,240.4,0.0,0.0,0.025
2025-08-04 01:23:16,240.4,0.0,0.0,0.025
2025-08-04 01:23:18,240.4,0.0,0.0,0.025
2025-08-04 01:23:19,240.4,0.0,0.0,0.025
2025-08-04 01:23:20,240.4,0.0,0.0,0.025
2025-08-04 01:23:21,240.4,0.0,0.0,0.025
2025-08-04 01:23:22,240.4,0.0,0.0,0.025
2025-08-04 01:23:23,240.4,0.0,0.0,0.025
2025-08-04 01:23:24,240.4,0.0,0.0,0.025
2025-08-04 01:23:25,240.4,0.0,0.0,0.025
2025-08-04 01:23:26,240.4,0.0,0.0,0.025
2025-08-04 01:23:27,240.4,0.0,0.0,0.025
2025-08-04 01:23:28,240.4,0.0,0.0,0.025
2025-08-04 01:23:29,240.4,0.0,0.0,0.025
2025-08-04 01:23:30,240.4,0.0,0.0,0.025
2025-08-04 01:23:37,0.0,0.0,0.0,0.0
2025-08-04 01:23:37,240.4,0.0,0.0,0.025
2025-08-04 01:23:37,240.4,0.0,0.0,0.025
2025-08-04 01:23:37,240.4,0.0,0.0,0.025
2025-08-04 01:23:37,240.4,0.0,0.0,0.025
2025-08-04 01:23:37,240.4,0.0,0.0,0.025
2025-08-04 01:23:37,240.4,0.0,0.0,0.025
2025-08-04 01:23:38,240.4,0.0,0.0,0.025
2025-08-04 01:23:39,240.4,0.0,0.0,0.025
2025-08-04 01:23:40,240.4,0.0,0.0,0.025
2025-08-04 01:23:41,240.4,0.0,0.0,0.025
2025-08-04 01:23:42,240.4,0.0,0.0,0.025
2025-08-04 01:23:43,240.4,0.0,0.0,0.025
2025-08-04 01:23:44,240.4,0.0,0.0,0.025
2025-08-04 01:23:45,240.4,0.0,0.0,0.025
2025-08-04 01:23:45,240.4,0.0,0.0,0.025
2025-08-04 01:23:46,240.4,0.0,0.0,0.025
2025-08-04 01:23:47,240.4,0.0,0.0,0.025
2025-08-04 01:23:48,240.4,0.0,0.0,0.025
2025-08-04 01:23:49,240.4,0.0,0.0,0.025
2025-08-04 01:23:50,240.4,0.0,0.0,0.025
2025-08-04 01:23:51,240.4,0.0,0.0,0.025
2025-08-04 01:23:52,240.4,0.0,0.0,0.025
2025-08-04 01:23:53,240.4,0.0,0.0,0.025
2025-08-04 01:23:54,240.4,0.0,0.0,0.025
2025-08-04 01:23:55,240.4,0.0,0.0,0.025
2025-08-04 01:23:56,240.4,0.0,0.0,0.025
2025-08-04 01:23:57,240.4,0.0,0.0,0.025
2025-08-04 01:23:58,240.4,0.0,0.0,0.025
2025-08-04 01:23:59,240.4,0.0,0.0,0.025
2025-08-04 01:24:00,240.4,0.0,0.0,0.025
2025-08-04 01:24:01,240.4,0.0,0.0,0.025
2025-08-04 01:24:02,240.4,0.0,0.0,0.025
2025-08-04 01:24:03,240.4,0.0,0.0,0.025
2025-08-04 01:24:04,240.4,0.0,0.0,0.025
2025-08-04 01:24:05,240.4,0.0,0.0,0.025
2025-08-04 01:24:06,240.4,0.0,0.0,0.025
2025-08-04 01:24:07,240.4,0.0,0.0,0.025
2025-08-04 01:24:08,240.4,0.0,0.0,0.025
2025-08-04 01:24:09,240.4,0.0,0.0,0.025
2025-08-04 01:24:10,240.4,0.0,0.0,0.025
2025-08-04 01:24:11,240.4,0.0,0.0,0.025
2025-08-04 01:24:12,240.4,0.0,0.0,0.025
2025-08-04 01:24:13,240.4,0.0,0.0,0.025
2025-08-04 01:24:14,240.4,0.0,0.0,0.025
2025-08-04 01:24:15,240.4,0.0,0.0,0.025
2025-08-04 01:24:16,240.4,0.0,0.0,0.025
2025-08-04 01:24:17,240.4,0.0,0.0,0.025
2025-08-04 01:24:18,240.4,0.0,0.0,0.025
2025-08-04 01:24:19,240.4,0.0,0.0,0.025
2025-08-04 01:24:20,240.4,0.0,0.0,0.025
2025-08-04 01:24:21,240.4,0.0,0.0,0.025
2025-08-04 01:24:22,240.4,0.0,0.0,0.025
2025-08-04 01:24:23,240.4,0.0,0.0,0.025
2025-08-04 01:24:24,240.4,0.0,0.0,0.025
2025-08-04 01:24:25,240.4,0.0,0.0,0.025
2025-08-04 01:24:26,240.4,0.0,0.0,0.025
2025-08-04 01:24:27,240.4,0.0,0.0,0.025
2025-08-04 01:24:28,240.4,0.0,0.0,0.025
2025-08-04 01:24:29,240.4,0.0,0.0,0.025
2025-08-04 01:24:30,240.4,0.0,0.0,0.025
2025-08-04 01:24:31,240.4,0.0,0.0,0.025
2025-08-04 01:24:32,240.4,0.0,0.0,0.025
2025-08-04 01:24:33,240.4,0.0,0.0,0.025
2025-08-04 01:24:34,240.4,0.0,0.0,0.025
2025-08-04 01:24:35,240.4,0.0,0.0,0.025
2025-08-04 01:24:36,240.4,0.0,0.0,0.025
2025-08-04 01:24:37,241.8,0.0,0.0,0.025
2025-08-04 01:24:38,241.8,0.0,0.0,0.025
2025-08-04 01:24:39,241.8,0.0,0.0,0.025
2025-08-04 01:24:40,241.8,0.0,0.0,0.025
2025-08-04 01:24:41,241.8,0.0,0.0,0.025
2025-08-04 01:24:42,241.8,0.0,0.0,0.025
2025-08-04 01:24:43,241.8,0.0,0.0,0.025
2025-08-04 01:24:44,241.8,0.0,0.0,0.025
2025-08-04 01:24:45,241.8,0.0,0.0,0.025
2025-08-04 01:24:45,241.8,0.0,0.0,0.025
2025-08-04 01:24:46,241.8,0.0,0.0,0.025
2025-08-04 01:24:47,241.8,0.0,0.0,0.025
2025-08-04 01:24:48,241.8,0.0,0.0,0.025
2025-08-04 01:24:49,241.8,0.0,0.0,0.025
2025-08-04 01:24:50,241.8,0.0,0.0,0.025
2025-08-04 01:24:51,241.8,0.0,0.0,0.025
2025-08-04 01:24:52,241.8,0.0,0.0,0.025
2025-08-04 01:24:53,241.8,0.0,0.0,0.025
2025-08-04 01:24:57,241.8,0.0,0.0,0.025
2025-08-04 01:24:58,241.8,0.0,0.0,0.025
2025-08-04 01:24:58,241.8,0.0,0.0,0.025
2025-08-04 01:24:58,241.8,0.0,0.0,0.025
2025-08-04 01:24:58,241.8,0.0,0.0,0.025
2025-08-04 01:24:59,241.8,0.0,0.0,0.025
2025-08-04 01:25:00,241.8,0.0,0.0,0.025
2025-08-04 01:25:01,241.8,0.0,0.0,0.025
2025-08-04 01:25:02,241.8,0.0,0.0,0.025
2025-08-04 01:25:03,241.8,0.0,0.0,0.025
2025-08-04 01:25:04,241.8,0.0,0.0,0.025
2025-08-04 01:25:05,241.8,0.0,0.0,0.025
2025-08-04 01:25:06,241.8,0.0,0.0,0.025
2025-08-04 01:25:07,241.8,0.0,0.0,0.025
2025-08-04 01:25:08,241.8,0.0,0.0,0.025
2025-08-04 01:25:09,241.8,0.0,0.0,0.025
2025-08-04 01:25:10,241.8,0.0,0.0,0.025
2025-08-04 01:25:12,241.8,0.0,0.0,0.025
2025-08-04 01:25:12,241.8,0.0,0.0,0.025
2025-08-04 01:25:14,241.8,0.0,0.0,0.025
2025-08-04 01:25:15,241.8,0.0,0.0,0.025
2025-08-04 01:25:16,241.8,0.0,0.0,0.025
2025-08-04 01:25:17,241.8,0.0,0.0,0.025
2025-08-04 01:25:18,241.8,0.0,0.0,0.025
2025-08-04 01:25:19,241.8,0.0,0.0,0.025
2025-08-04 01:25:20,241.8,0.0,0.0,0.025
2025-08-04 01:25:21,241.8,0.0,0.0,0.025
2025-08-04 01:25:22,241.8,0.0,0.0,0.025
2025-08-04 01:25:23,241.8,0.0,0.0,0.025
2025-08-04 01:25:24,241.8,0.0,0.0,0.025
2025-08-04 01:25:25,241.8,0.0,0.0,0.025
2025-08-04 01:25:26,241.8,0.0,0.0,0.025
2025-08-04 01:25:27,241.8,0.0,0.0,0.025
2025-08-04 01:25:28,241.8,0.0,0.0,0.025
2025-08-04 01:25:29,241.8,0.0,0.0,0.025
2025-08-04 01:25:30,241.8,0.0,0.0,0.025
2025-08-04 01:25:31,241.8,0.0,0.0,0.025
2025-08-04 01:25:32,241.8,0.0,0.0,0.025
2025-08-04 01:25:33,241.8,0.0,0.0,0.025
2025-08-04 01:25:34,241.8,0.0,0.0,0.025
2025-08-04 01:25:35,241.8,0.0,0.0,0.025
2025-08-04 01:25:36,241.8,0.0,0.0,0.025
2025-08-04 01:25:37,241.8,0.0,0.0,0.025
2025-08-04 01:25:38,241.8,0.0,0.0,0.025
2025-08-04 01:25:39,241.8,0.0,0.0,0.025
2025-08-04 01:25:40,241.8,0.0,0.0,0.025
2025-08-04 01:25:41,241.8,0.0,0.0,0.025
2025-08-04 01:25:42,241.8,0.0,0.0,0.025
2025-08-04 01:25:43,241.8,0.0,0.0,0.025
2025-08-04 01:25:44,241.8,0.0,0.0,0.025
2025-08-04 01:25:45,241.8,0.0,0.0,0.025
2025-08-04 01:25:45,241.8,0.0,0.0,0.025
2025-08-04 01:25:46,241.8,0.0,0.0,0.025
2025-08-04 01:25:47,241.8,0.0,0.0,0.025
2025-08-04 01:25:48,241.8,0.0,0.0,0.025
2025-08-04 01:25:49,241.8,0.0,0.0,0.025
2025-08-04 01:25:50,241.8,0.0,0.0,0.025
2025-08-04 01:25:51,241.8,0.0,0.0,0.025
2025-08-04 01:25:52,241.8,0.0,0.0,0.025
2025-08-04 01:25:53,241.8,0.0,0.0,0.025
2025-08-04 01:25:54,241.8,0.0,0.0,0.025
2025-08-04 01:25:55,241.8,0.0,0.0,0.025
2025-08-04 01:25:56,241.8,0.0,0.0,0.025
2025-08-04 01:25:58,241.8,0.0,0.0,0.025
2025-08-04 01:25:58,241.8,0.0,0.0,0.025
2025-08-04 01:25:59,241.8,0.0,0.0,0.025
2025-08-04 01:26:00,241.8,0.0,0.0,0.025
2025-08-04 01:26:01,241.8,0.0,0.0,0.025
2025-08-04 01:26:02,241.8,0.0,0.0,0.025
2025-08-04 01:26:03,241.8,0.0,0.0,0.025
2025-08-04 01:26:04,241.8,0.0,0.0,0.025
2025-08-04 01:26:05,241.8,0.0,0.0,0.025
2025-08-04 01:26:06,241.8,0.0,0.0,0.025
2025-08-04 01:26:07,241.8,0.0,0.0,0.025
2025-08-04 01:26:08,241.8,0.0,0.0,0.025
2025-08-04 01:26:09,241.8,0.0,0.0,0.025
2025-08-04 01:26:10,241.8,0.0,0.0,0.025
2025-08-04 01:26:11,241.8,0.0,0.0,0.025
2025-08-04 01:26:12,241.8,0.0,0.0,0.025
2025-08-04 01:26:45,241.8,0.0,0.0,0.025
2025-08-04 01:26:45,241.8,0.0,0.0,0.025
2025-08-04 01:31:26,241.8,0.0,0.0,0.24
2025-08-04 01:31:27,241.8,0.0,0.0,0.24
2025-08-04 01:31:27,241.8,0.0,0.0,0.24
2025-08-04 01:31:28,241.8,0.0,0.0,0.24
2025-08-04 01:31:29,241.8,0.0,0.0,0.24
2025-08-04 01:31:30,241.8,0.0,0.0,0.24
2025-08-04 01:31:31,241.8,0.0,0.0,0.24
2025-08-04 01:31:32,241.8,0.0,0.0,0.24
2025-08-04 01:31:33,241.8,0.0,0.0,0.24
2025-08-04 01:31:40,241.8,0.0,0.0,0.024
2025-08-04 01:31:40,241.8,0.0,0.0,0.024
2025-08-04 01:31:41,241.8,0.0,0.0,0.024
2025-08-04 01:31:42,241.8,0.0,0.0,0.024
2025-08-04 01:31:44,241.8,0.0,0.0,0.024
2025-08-04 01:31:45,241.8,0.0,0.0,0.024
2025-08-04 01:31:45,241.8,0.0,0.0,0.024
2025-08-04 01:31:46,241.8,0.0,0.0,0.024
2025-08-04 01:31:47,241.8,0.0,0.0,0.024
2025-08-04 01:31:48,241.8,0.0,0.0,0.024
2025-08-04 01:31:49,241.8,0.0,0.0,0.024
2025-08-04 01:31:50,241.8,0.0,0.0,0.024
2025-08-04 01:31:51,241.8,0.0,0.0,0.024
2025-08-04 01:31:52,241.8,0.0,0.0,0.024
2025-08-04 01:31:53,241.8,0.0,0.0,0.024
2025-08-04 01:31:54,241.8,0.0,0.0,0.024
2025-08-04 01:31:55,241.8,0.0,0.0,0.024
2025-08-04 01:31:56,241.8,0.0,0.0,0.024
2025-08-04 01:31:57,241.8,0.0,0.0,0.024
2025-08-04 01:31:58,241.8,0.0,0.0,0.024
2025-08-04 01:31:59,241.8,0.0,0.0,0.024
2025-08-04 01:32:00,241.8,0.0,0.0,0.024
2025-08-04 01:32:01,241.8,0.0,0.0,0.024
2025-08-04 01:32:02,241.8,0.0,0.0,0.024
2025-08-04 01:32:03,241.8,0.0,0.0,0.024
2025-08-04 01:32:04,241.8,0.0,0.0,0.024
2025-08-04 01:32:05,241.8,0.0,0.0,0.024
2025-08-04 01:32:06,241.8,0.0,0.0,0.024
2025-08-04 01:32:07,241.8,0.0,0.0,0.024
2025-08-04 01:32:08,241.8,0.0,0.0,0.024
2025-08-04 01:32:09,241.8,0.0,0.0,0.024
2025-08-04 01:32:10,241.8,0.0,0.0,0.024
2025-08-04 01:32:11,241.8,0.0,0.0,0.024
2025-08-04 01:32:12,241.8,0.0,0.0,0.024
2025-08-04 01:32:13,241.8,0.0,0.0,0.024
2025-08-04 01:32:14,241.8,0.0,0.0,0.024
2025-08-04 01:32:15,241.8,0.0,0.0,0.024
2025-08-04 01:32:16,241.8,0.0,0.0,0.024
2025-08-04 01:32:17,241.8,0.0,0.0,0.024
2025-08-04 01:32:18,241.8,0.0,0.0,0.024
2025-08-04 01:32:19,241.8,0.0,0.0,0.024
2025-08-04 01:32:20,241.8,0.0,0.0,0.024
2025-08-04 01:32:21,241.8,0.0,0.0,0.024
2025-08-04 01:32:22,241.8,0.0,0.0,0.024
2025-08-04 01:32:23,241.8,0.0,0.0,0.024
2025-08-04 01:32:24,241.8,0.0,0.0,0.024
2025-08-04 01:32:25,241.8,0.0,0.0,0.024
2025-08-04 01:32:26,241.8,0.0,0.0,0.024
2025-08-04 01:32:27,241.8,0.0,0.0,0.024
2025-08-04 01:32:28,241.8,0.0,0.0,0.024
2025-08-04 01:32:29,241.8,0.0,0.0,0.024
2025-08-04 01:32:30,241.8,0.0,0.0,0.024
2025-08-04 01:32:31,241.8,0.0,0.0,0.024
2025-08-04 01:32:32,241.8,0.0,0.0,0.024
2025-08-04 01:32:36,241.8,0.0,0.0,0.024
2025-08-04 01:32:36,241.8,0.0,0.0,0.024
2025-08-04 01:32:37,241.8,0.0,0.0,0.024
2025-08-04 01:32:38,241.8,0.0,0.0,0.024
2025-08-04 01:32:39,241.8,0.0,0.0,0.024
2025-08-04 01:32:40,241.8,0.0,0.0,0.024
2025-08-04 01:32:41,241.8,0.0,0.0,0.024
2025-08-04 01:32:42,241.8,0.0,0.0,0.024
2025-08-04 01:32:43,241.8,0.0,0.0,0.024
